label,total_pixels,valid_pixels,nodata_pixels,nodata_pct,min,p01,p05,p10,p25,median,p75,p90,p95,p99,max,mean,std,pct_le_0m,pct_le_5m,pct_le_10m,pct_le_20m,pct_le_50m,pct_le_100m,total_count,valid_count,nodata_count,zero_count,zero_pct_of_valid,positive_count,positive_pct_of_valid,count
elevation_m,51840000.0,51840000.0,0.0,0.0,93.73351287841797,160.47958374023438,166.26792907714844,171.66957092285156,184.48670959472656,203.34242248535156,289.62799072265625,709.3606567382812,927.6272583007812,1480.1685791015625,3503.6669921875,322.6900939941406,283.0416259765625,0.0,0.0,0.0,0.0,0.0,7.71604938271605e-06,,,,,,,,
slope_deg,51840000.0,51811204.0,28796.0,0.05554783950617284,4.240947600919753e-05,0.05638052895665169,0.12972399592399597,0.1905672401189804,0.3441920280456543,0.6826453804969788,2.036311626434326,14.431745529174805,23.01456642150879,35.851478576660156,76.90924072265625,3.8879480361938477,7.788937091827393,0.0,82.05308836289541,86.69796594574409,93.47686264924475,99.94462201650438,100.0,,,,,,,,
tri_m,51840000.0,51811204.0,28796.0,0.05554783950617284,0.02320902980864048,0.21275922656059265,0.32702112197875977,0.41506707668304443,0.6381688117980957,1.1538612842559814,3.188166856765747,20.3586483001709,31.732532501220703,52.26203918457031,327.3452453613281,5.729296684265137,11.264188766479492,0.0,79.28176886219435,83.69867451835322,89.80407789790023,98.77556985550846,99.97493399304135,,,,,,,,
rainfall_1d_2025_hp_mm,,,,2.380952380952381,0.0,0.0,0.0,0.0,0.0,0.0,1.18492591381073,9.20681095123291,18.456174850463867,51.53913879394531,226.947509765625,3.2615184783935547,10.059814453125,,,,,,,61320.0,59860.0,1460.0,39866.0,66.59873037086535,19994.0,33.40126962913465,
rainfall_3d_2025_hp_mm,,,,2.9158512720156557,0.0,0.0,0.0,0.0,0.0,0.0,8.180144309997559,29.814958572387695,53.663780212402344,117.02385711669922,364.7720947265625,9.838465690612793,23.25101661682129,,,,,,,61320.0,59532.0,1788.0,30119.0,50.592958408922925,29413.0,49.40704159107707,
rainfall_1d_2023_hp_mm,,,,2.380952380952381,0.0,0.0,0.0,0.0,0.0,0.0,1.1708605289459229,8.282596588134766,16.713550567626953,45.228145599365234,283.01165771484375,3.0537853240966797,10.459212303161621,,,,,,,61320.0,59860.0,1460.0,36531.0,61.02739726027397,23329.0,38.97260273972603,
rainfall_3d_2023_hp_mm,,,,2.9158512720156557,0.0,0.0,0.0,0.0,0.0,0.5736120939254761,8.161469459533691,26.134742736816406,43.17178726196289,114.558349609375,602.2282104492188,9.211832046508789,24.240982055664062,,,,,,,61320.0,59532.0,1788.0,23636.0,39.703016864879395,35896.0,60.296983135120605,
landslide_groundtruth_elevation_m,,,,,688.156005859375,,,,959.2821044921874,1123.1988525390625,1307.4315795898438,,,,2158.9453125,1153.7838238721276,228.02255026424683,,,,,,,,,,,,,,3147.0
landslide_groundtruth_slope_deg,,,,,0.5028070211410522,,,,20.049787044525146,27.48637580871582,33.21565628051758,,,,56.49227523803711,26.547081092039793,8.89206497374975,,,,,,,,,,,,,,3147.0
landslide_groundtruth_tri_m,,,,,3.86574649810791,,,,28.965260982513428,37.9447135925293,46.11160087585449,,,,104.15198516845705,37.95113790876458,12.29921776198762,,,,,,,,,,,,,,3147.0
landslide_groundtruth_max_rain_2023_mm,,,,,74.27460479736328,,,,124.38549041748048,124.38549041748048,124.38549041748048,,,,169.64889526367188,121.40831801288692,12.527242192231713,,,,,,,,,,,,,,3147.0
